Workbook

Sheet 回線申し込み
A1: id | B1: price_course_name | C1: price_course_code | D1: access_method_name | E1: access_method_code | F1: model_name | G1: model_code | H1: sim_name | I1: sim_code | J1: auth_id | K1: password | L1: domestic_ip_act | M1: domestic_ip_sby
A2: =IF(B2="","",ROW()-1) -> 1 | B2: RINKモバイル データ通信 1GB | D2: LTE | F2: MR10LN (RINKモバイル) | H2: マルチカットSIM | I2: =IFERROR(IF(F2<>"通信機器購入なし",VLOOKUP(F2&H2,メニュー!$H$30:$I$39,2,0),VLOOKUP(D2&F2&H2,メニュー!$H$25:$I$26,2,0)),"") -> T2000828
A3: =IF(B3="","",ROW()-1) | I3: =IFERROR(IF(F3<>"通信機器購入なし",VLOOKUP(F3&H3,メニュー!$H$30:$I$39,2,0),VLOOKUP(D3&F3&H3,メニュー!$H$25:$I$26,2,0)),"")
A4: =IF(B4="","",ROW()-1) | C4: =IFERROR(VLOOKUP(B4,メニュー!$B$3:$C$12,2,FALSE),"") | E4: =IFERROR(VLOOKUP(D4,メニュー!$D$3:$E$4,2,FALSE),"") | I4: =IFERROR(IF(F4<>"通信機器購入なし",VLOOKUP(F4&H4,メニュー!$H$30:$I$39,2,0),VLOOKUP(D4&F4&H4,メニュー!$H$25:$I$26,2,0)),"")
A5: =IF(B5="","",ROW()-1) | C5: =IFERROR(VLOOKUP(B5,メニュー!$B$3:$C$12,2,FALSE),"") | E5: =IFERROR(VLOOKUP(D5,メニュー!$D$3:$E$4,2,FALSE),"") | I5: =IFERROR(IF(F5<>"通信機器購入なし",VLOOKUP(F5&H5,メニュー!$H$30:$I$39,2,0),VLOOKUP(D5&F5&H5,メニュー!$H$25:$I$26,2,0)),"")
A6: =IF(B6="","",ROW()-1) | C6: =IFERROR(VLOOKUP(B6,メニュー!$B$3:$C$12,2,FALSE),"") | E6: =IFERROR(VLOOKUP(D6,メニュー!$D$3:$E$4,2,FALSE),"") | I6: =IFERROR(IF(F6<>"通信機器購入なし",VLOOKUP(F6&H6,メニュー!$H$30:$I$39,2,0),VLOOKUP(D6&F6&H6,メニュー!$H$25:$I$26,2,0)),"")
A7: =IF(B7="","",ROW()-1) | C7: =IFERROR(VLOOKUP(B7,メニュー!$B$3:$C$12,2,FALSE),"") | E7: =IFERROR(VLOOKUP(D7,メニュー!$D$3:$E$4,2,FALSE),"") | I7: =IFERROR(IF(F7<>"通信機器購入なし",VLOOKUP(F7&H7,メニュー!$H$30:$I$39,2,0),VLOOKUP(D7&F7&H7,メニュー!$H$25:$I$26,2,0)),"")
A8: =IF(B8="","",ROW()-1) | C8: =IFERROR(VLOOKUP(B8,メニュー!$B$3:$C$12,2,FALSE),"") | E8: =IFERROR(VLOOKUP(D8,メニュー!$D$3:$E$4,2,FALSE),"") | I8: =IFERROR(IF(F8<>"通信機器購入なし",VLOOKUP(F8&H8,メニュー!$H$30:$I$39,2,0),VLOOKUP(D8&F8&H8,メニュー!$H$25:$I$26,2,0)),"")
A9: =IF(B9="","",ROW()-1) | C9: =IFERROR(VLOOKUP(B9,メニュー!$B$3:$C$12,2,FALSE),"") | E9: =IFERROR(VLOOKUP(D9,メニュー!$D$3:$E$4,2,FALSE),"") | I9: =IFERROR(IF(F9<>"通信機器購入なし",VLOOKUP(F9&H9,メニュー!$H$30:$I$39,2,0),VLOOKUP(D9&F9&H9,メニュー!$H$25:$I$26,2,0)),"")
A10: =IF(B10="","",ROW()-1) | C10: =IFERROR(VLOOKUP(B10,メニュー!$B$3:$C$12,2,FALSE),"") | E10: =IFERROR(VLOOKUP(D10,メニュー!$D$3:$E$4,2,FALSE),"") | I10: =IFERROR(IF(F10<>"通信機器購入なし",VLOOKUP(F10&H10,メニュー!$H$30:$I$39,2,0),VLOOKUP(D10&F10&H10,メニュー!$H$25:$I$26,2,0)),"")
A11: =IF(B11="","",ROW()-1) | C11: =IFERROR(VLOOKUP(B11,メニュー!$B$3:$C$12,2,FALSE),"") | E11: =IFERROR(VLOOKUP(D11,メニュー!$D$3:$E$4,2,FALSE),"") | I11: =IFERROR(IF(F11<>"通信機器購入なし",VLOOKUP(F11&H11,メニュー!$H$30:$I$39,2,0),VLOOKUP(D11&F11&H11,メニュー!$H$25:$I$26,2,0)),"")
A12: =IF(B12="","",ROW()-1) | C12: =IFERROR(VLOOKUP(B12,メニュー!$B$3:$C$12,2,FALSE),"") | E12: =IFERROR(VLOOKUP(D12,メニュー!$D$3:$E$4,2,FALSE),"") | I12: =IFERROR(IF(F12<>"通信機器購入なし",VLOOKUP(F12&H12,メニュー!$H$30:$I$39,2,0),VLOOKUP(D12&F12&H12,メニュー!$H$25:$I$26,2,0)),"")
A13: =IF(B13="","",ROW()-1) | C13: =IFERROR(VLOOKUP(B13,メニュー!$B$3:$C$12,2,FALSE),"") | E13: =IFERROR(VLOOKUP(D13,メニュー!$D$3:$E$4,2,FALSE),"") | I13: =IFERROR(IF(F13<>"通信機器購入なし",VLOOKUP(F13&H13,メニュー!$H$30:$I$39,2,0),VLOOKUP(D13&F13&H13,メニュー!$H$25:$I$26,2,0)),"")
A14: =IF(B14="","",ROW()-1) | C14: =IFERROR(VLOOKUP(B14,メニュー!$B$3:$C$12,2,FALSE),"") | E14: =IFERROR(VLOOKUP(D14,メニュー!$D$3:$E$4,2,FALSE),"") | I14: =IFERROR(IF(F14<>"通信機器購入なし",VLOOKUP(F14&H14,メニュー!$H$30:$I$39,2,0),VLOOKUP(D14&F14&H14,メニュー!$H$25:$I$26,2,0)),"")
A15: =IF(B15="","",ROW()-1) | C15: =IFERROR(VLOOKUP(B15,メニュー!$B$3:$C$12,2,FALSE),"") | E15: =IFERROR(VLOOKUP(D15,メニュー!$D$3:$E$4,2,FALSE),"") | I15: =IFERROR(IF(F15<>"通信機器購入なし",VLOOKUP(F15&H15,メニュー!$H$30:$I$39,2,0),VLOOKUP(D15&F15&H15,メニュー!$H$25:$I$26,2,0)),"")
... A255: =IF(B255="","",ROW()-1) | C255: =IFERROR(VLOOKUP(B255,メニュー!$B$3:$C$12,2,FALSE),"") | E255: =IFERROR(VLOOKUP(D255,メニュー!$D$3:$E$4,2,FALSE),"") | I255: =IFERROR(IF(F255<>"通信機器購入なし",VLOOKUP(F255&H255,メニュー!$H$30:$I$39,2,0),VLOOKUP(D255&F255&H255,メニュー!$H$25:$I$26,2,0)),"")

Sheet 回線申し込み (記入例)
A1: id | B1: price_course_name | C1: price_course_code | D1: access_method_name | E1: access_method_code | F1: model_name | G1: model_code | H1: sim_name | I1: sim_code | J1: auth_id | K1: password | L1: domestic_ip_act | M1: domestic_ip_sby
A2: =IF(B2="","",ROW()-1) -> 1 | B2: RINKモバイル データ通信 1GB | C2: =IFERROR(VLOOKUP(B2,メニュー!$B$3:$C$12,2,FALSE),"") -> T3003051 | D2: LTE | E2: =IFERROR(VLOOKUP(D2,メニュー!$D$3:$E$4,2,FALSE),"") -> 2 | F2: 通信機器購入なし | H2: マルチカットSIM | I2: =IFERROR(IF(F2<>"通信機器購入なし",VLOOKUP(F2&H2,メニュー!$H$30:$I$39,2,0),VLOOKUP(D2&F2&H2,メニュー!$H$25:$I$26,2,0)),"") -> T2000823
A3: =IF(B3="","",ROW()-1) -> 2 | B3: RINKモバイル データ通信 3GB | I3: =IFERROR(IF(F3<>"通信機器購入なし",VLOOKUP(F3&H3,メニュー!$H$30:$I$39,2,0),VLOOKUP(D3&F3&H3,メニュー!$H$25:$I$26,2,0)),"")
A4: =IF(B4="","",ROW()-1) | C4: =IFERROR(VLOOKUP(B4,メニュー!$B$3:$C$12,2,FALSE),"") | E4: =IFERROR(VLOOKUP(D4,メニュー!$D$3:$E$4,2,FALSE),"") | I4: =IFERROR(IF(F4<>"通信機器購入なし",VLOOKUP(F4&H4,メニュー!$H$30:$I$39,2,0),VLOOKUP(D4&F4&H4,メニュー!$H$25:$I$26,2,0)),"")
A5: =IF(B5="","",ROW()-1) | C5: =IFERROR(VLOOKUP(B5,メニュー!$B$3:$C$12,2,FALSE),"") | E5: =IFERROR(VLOOKUP(D5,メニュー!$D$3:$E$4,2,FALSE),"") | I5: =IFERROR(IF(F5<>"通信機器購入なし",VLOOKUP(F5&H5,メニュー!$H$30:$I$39,2,0),VLOOKUP(D5&F5&H5,メニュー!$H$25:$I$26,2,0)),"")
A6: =IF(B6="","",ROW()-1) | C6: =IFERROR(VLOOKUP(B6,メニュー!$B$3:$C$12,2,FALSE),"") | E6: =IFERROR(VLOOKUP(D6,メニュー!$D$3:$E$4,2,FALSE),"") | I6: =IFERROR(IF(F6<>"通信機器購入なし",VLOOKUP(F6&H6,メニュー!$H$30:$I$39,2,0),VLOOKUP(D6&F6&H6,メニュー!$H$25:$I$26,2,0)),"")
A7: =IF(B7="","",ROW()-1) | C7: =IFERROR(VLOOKUP(B7,メニュー!$B$3:$C$12,2,FALSE),"") | E7: =IFERROR(VLOOKUP(D7,メニュー!$D$3:$E$4,2,FALSE),"") | I7: =IFERROR(IF(F7<>"通信機器購入なし",VLOOKUP(F7&H7,メニュー!$H$30:$I$39,2,0),VLOOKUP(D7&F7&H7,メニュー!$H$25:$I$26,2,0)),"")
A8: =IF(B8="","",ROW()-1) | C8: =IFERROR(VLOOKUP(B8,メニュー!$B$3:$C$12,2,FALSE),"") | E8: =IFERROR(VLOOKUP(D8,メニュー!$D$3:$E$4,2,FALSE),"") | I8: =IFERROR(IF(F8<>"通信機器購入なし",VLOOKUP(F8&H8,メニュー!$H$30:$I$39,2,0),VLOOKUP(D8&F8&H8,メニュー!$H$25:$I$26,2,0)),"")
A9: =IF(B9="","",ROW()-1) | C9: =IFERROR(VLOOKUP(B9,メニュー!$B$3:$C$12,2,FALSE),"") | E9: =IFERROR(VLOOKUP(D9,メニュー!$D$3:$E$4,2,FALSE),"") | I9: =IFERROR(IF(F9<>"通信機器購入なし",VLOOKUP(F9&H9,メニュー!$H$30:$I$39,2,0),VLOOKUP(D9&F9&H9,メニュー!$H$25:$I$26,2,0)),"")
A10: =IF(B10="","",ROW()-1) | C10: =IFERROR(VLOOKUP(B10,メニュー!$B$3:$C$12,2,FALSE),"") | E10: =IFERROR(VLOOKUP(D10,メニュー!$D$3:$E$4,2,FALSE),"") | I10: =IFERROR(IF(F10<>"通信機器購入なし",VLOOKUP(F10&H10,メニュー!$H$30:$I$39,2,0),VLOOKUP(D10&F10&H10,メニュー!$H$25:$I$26,2,0)),"")
A11: =IF(B11="","",ROW()-1) | C11: =IFERROR(VLOOKUP(B11,メニュー!$B$3:$C$12,2,FALSE),"") | E11: =IFERROR(VLOOKUP(D11,メニュー!$D$3:$E$4,2,FALSE),"") | I11: =IFERROR(IF(F11<>"通信機器購入なし",VLOOKUP(F11&H11,メニュー!$H$30:$I$39,2,0),VLOOKUP(D11&F11&H11,メニュー!$H$25:$I$26,2,0)),"")
A12: =IF(B12="","",ROW()-1) | C12: =IFERROR(VLOOKUP(B12,メニュー!$B$3:$C$12,2,FALSE),"") | E12: =IFERROR(VLOOKUP(D12,メニュー!$D$3:$E$4,2,FALSE),"") | I12: =IFERROR(IF(F12<>"通信機器購入なし",VLOOKUP(F12&H12,メニュー!$H$30:$I$39,2,0),VLOOKUP(D12&F12&H12,メニュー!$H$25:$I$26,2,0)),"")
A13: =IF(B13="","",ROW()-1) | C13: =IFERROR(VLOOKUP(B13,メニュー!$B$3:$C$12,2,FALSE),"") | E13: =IFERROR(VLOOKUP(D13,メニュー!$D$3:$E$4,2,FALSE),"") | I13: =IFERROR(IF(F13<>"通信機器購入なし",VLOOKUP(F13&H13,メニュー!$H$30:$I$39,2,0),VLOOKUP(D13&F13&H13,メニュー!$H$25:$I$26,2,0)),"")
A14: =IF(B14="","",ROW()-1) | C14: =IFERROR(VLOOKUP(B14,メニュー!$B$3:$C$12,2,FALSE),"") | E14: =IFERROR(VLOOKUP(D14,メニュー!$D$3:$E$4,2,FALSE),"") | I14: =IFERROR(IF(F14<>"通信機器購入なし",VLOOKUP(F14&H14,メニュー!$H$30:$I$39,2,0),VLOOKUP(D14&F14&H14,メニュー!$H$25:$I$26,2,0)),"")
A15: =IF(B15="","",ROW()-1) | C15: =IFERROR(VLOOKUP(B15,メニュー!$B$3:$C$12,2,FALSE),"") | E15: =IFERROR(VLOOKUP(D15,メニュー!$D$3:$E$4,2,FALSE),"") | I15: =IFERROR(IF(F15<>"通信機器購入なし",VLOOKUP(F15&H15,メニュー!$H$30:$I$39,2,0),VLOOKUP(D15&F15&H15,メニュー!$H$25:$I$26,2,0)),"")
... A255: =IF(B255="","",ROW()-1) | C255: =IFERROR(VLOOKUP(B255,メニュー!$B$3:$C$12,2,FALSE),"") | E255: =IFERROR(VLOOKUP(D255,メニュー!$D$3:$E$4,2,FALSE),"") | I255: =IFERROR(IF(F255<>"通信機器購入なし",VLOOKUP(F255&H255,メニュー!$H$30:$I$39,2,0),VLOOKUP(D255&F255&H255,メニュー!$H$25:$I$26,2,0)),"")

Sheet メニュー
B1: 回線申し込み
B2: price_course_name | C2: price_course_code | D2: access_method_name | E2: access_method_code | F2: model_name | G2: model_code | I2: sim_name | J2: sim_code | K2: imei_auth | L2: imei_auth_code | M2: roaming_limit_name | N2: roaming_limit_code | O2: roaming_access_method_name | P2: roaming_access_method_code
B3: RINKモバイル データ通信 1GB | C3: T3003051 | D3: LTE | E3: 2 | F3: 通信機器購入なし | H3: LTE SMS無し | K3: 無 | L3: 1 | M3: 利用しない | N3: dummy | O3: 3G | P3: 1
B4: RINKモバイル データ通信 3GB | C4: T3003052 | D4: 5G-NSA | E4: 3 | F4: MR10LN (RINKモバイル) | G4: T2000828 | I4: マルチカットSIM | J4: T2000823 | K4: 有 | L4: 2 | M4: 5万円 | N4: T6000042 | O4: LTE | P4: 2
B5: RINKモバイル データ通信 5GB | C5: T3003053 | F5: MR10LN あんしん保証3年(RINKモバイル) | G5: T2000829 | L5: ※STEP2で提供予定 | M5: 10万円 | N5: T6000037 | P5: ※STEP2で提供予定
B6: RINKモバイル データ通信 7GB | C6: T3003054 | F6: MR10LN キッティング付(RINKモバイル) | G6: T2000830 | H6: 5G-NSA SMS無し | M6: 20万円 | N6: T6000038
B7: RINKモバイル データ通信 10GB | C7: T3003055 | F7: MR10LN あんしん保証3年 キッティング付(RINKモバイル) | G7: T2000831 | I7: マルチカットSIM | J7: T2000822 | M7: 30万円 | N7: T6000039
B8: RINKモバイル データ通信 20GB | C8: T3003056 | F8: UX302NC-R(S)(RINKモバイル) | G8: T2000832 | M8: 40万円 | N8: T6000040
B9: RINKモバイル データ通信 30GB | C9: T3003057 | F9: UX302NC-R(S) あんしん保証3年(RINKモバイル) | G9: T2000833 | H9: LTE SMS有り | M9: 50万円 | N9: T6000041
B10: RINKモバイル データ通信 40GB | C10: T3003058 | I10: マルチカットSIM | J10: - | M10: 60万円 | N10: T6000043
B11: RINKモバイル データ通信 50GB | C11: T3003059 | J11: ※STEP2で提供予定 | M11: 70万円 | N11: T6000044
B12: RINKモバイル データ通信 100GB | C12: T3003060 | F12: 通信機器購入なし | H12: 5G-NSA SMS有り | M12: 80万円 | N12: T6000045
F13: MR51FN (RINKモバイル) | G13: T2000824 | I13: マルチカットSIM | J13: - | M13: 90万円 | N13: T6000046
F14: MR51FN あんしん保証3年(RINKモバイル) | G14: T2000825 | J14: ※STEP2で提供予定 | M14: 100万円 | N14: T6000036
F15: MR51FN キッティング付(RINKモバイル) | G15: T2000826 | M15: 制限なし | N15: T6000047
F16: MR51FN あんしん保証3年 キッティング付(RINKモバイル) | G16: T2000827 | N16: ※STEP2で提供予定
F20: ★選択できません（料金コースとアクセス方式を先に選択してください）
E23: SIMのみのコード表
E24: access_method_name | F24: model_name | G24: sim_name | H24: 関数用 | I24: sim_code
E25: LTE | F25: 通信機器購入なし | G25: マルチカットSIM | H25: =E25&F25&G25 -> LTE通信機器購入なしマルチカットSIM | I25: T2000823
E26: 5G-NSA | F26: 通信機器購入なし | G26: マルチカットSIM | H26: =E26&F26&G26 -> 5G-NSA通信機器購入なしマルチカットSIM | I26: T2000822
F28: 端末セットのコード表
F29: model_name | G29: sim_name | H29: 関数用 | I29: sim_code
F30: MR10LN (RINKモバイル) | G30: マルチカットSIM | H30: =F30&G30 -> MR10LN (RINKモバイル)マルチカットSIM | I30: T2000828
F31: MR10LN あんしん保証3年(RINKモバイル) | G31: マルチカットSIM | H31: =F31&G31 -> MR10LN あんしん保証3年(RINKモバイル)マルチカットSIM | I31: T2000829
F32: MR10LN キッティング付(RINKモバイル) | G32: マルチカットSIM | H32: =F32&G32 -> MR10LN キッティング付(RINKモバイル)マルチカットSIM | I32: T2000830
F33: MR10LN あんしん保証3年 キッティング付(RINKモバイル) | G33: マルチカットSIM | H33: =F33&G33 -> MR10LN あんしん保証3年 キッティング付(RINKモバイル)マルチカットSIM | I33: T2000831
F34: UX302NC-R(S)(RINKモバイル) | G34: マルチカットSIM | H34: =F34&G34 -> UX302NC-R(S)(RINKモバイル)マルチカットSIM | I34: T2000832
F35: UX302NC-R(S) あんしん保証3年(RINKモバイル) | G35: マルチカットSIM | H35: =F35&G35 -> UX302NC-R(S) あんしん保証3年(RINKモバイル)マルチカットSIM | I35: T2000833
F36: MR51FN (RINKモバイル) | G36: マルチカットSIM | H36: =F36&G36 -> MR51FN (RINKモバイル)マルチカットSIM | I36: T2000824
F37: MR51FN あんしん保証3年(RINKモバイル) | G37: マルチカットSIM | H37: =F37&G37 -> MR51FN あんしん保証3年(RINKモバイル)マルチカットSIM | I37: T2000825
F38: MR51FN キッティング付(RINKモバイル) | G38: マルチカットSIM | H38: =F38&G38 -> MR51FN キッティング付(RINKモバイル)マルチカットSIM | I38: T2000826
F39: MR51FN あんしん保証3年 キッティング付(RINKモバイル) | G39: マルチカットSIM | H39: =F39&G39 -> MR51FN あんしん保証3年 キッティング付(RINKモバイル)マルチカットSIM | I39: T2000827

Sheet エラーチェック
B1: アクセス方式と通信機器
B2: アクセス方式 | C2: 通信機器名 | D2: 関数用 | E2: OK/NG
B3: LTE | C3: 通信機器購入なし | D3: =B3&C3 -> LTE通信機器購入なし | E3: OK
B4: LTE | C4: MR51FN (RINKモバイル) | D4: =B4&C4 -> LTEMR51FN (RINKモバイル) | E4: NG
B5: LTE | C5: MR51FN あんしん保証3年(RINKモバイル) | D5: =B5&C5 -> LTEMR51FN あんしん保証3年(RINKモバイル) | E5: NG
B6: LTE | C6: MR51FN キッティング付(RINKモバイル) | D6: =B6&C6 -> LTEMR51FN キッティング付(RINKモバイル) | E6: NG
B7: LTE | C7: MR51FN あんしん保証3年 キッティング付(RINKモバイル) | D7: =B7&C7 -> LTEMR51FN あんしん保証3年 キッティング付(RINKモバイル) | E7: NG
B8: LTE | C8: MR10LN (RINKモバイル) | D8: =B8&C8 -> LTEMR10LN (RINKモバイル) | E8: OK
B9: LTE | C9: MR10LN あんしん保証3年(RINKモバイル) | D9: =B9&C9 -> LTEMR10LN あんしん保証3年(RINKモバイル) | E9: OK
B10: LTE | C10: MR10LN キッティング付(RINKモバイル) | D10: =B10&C10 -> LTEMR10LN キッティング付(RINKモバイル) | E10: OK
B11: LTE | C11: MR10LN あんしん保証3年 キッティング付(RINKモバイル) | D11: =B11&C11 -> LTEMR10LN あんしん保証3年 キッティング付(RINKモバイル) | E11: OK
B12: LTE | C12: UX302NC-R(S)(RINKモバイル) | D12: =B12&C12 -> LTEUX302NC-R(S)(RINKモバイル) | E12: OK
B13: LTE | C13: UX302NC-R(S) あんしん保証3年(RINKモバイル) | D13: =B13&C13 -> LTEUX302NC-R(S) あんしん保証3年(RINKモバイル) | E13: OK
B14: 5G-NSA | C14: 通信機器購入なし | D14: =B14&C14 -> 5G-NSA通信機器購入なし | E14: OK
... B24: 5G-NSA | C24: UX302NC-R(S) あんしん保証3年(RINKモバイル) | D24: =B24&C24 -> 5G-NSAUX302NC-R(S) あんしん保証3年(RINKモバイル) | E24: NG
F429: ⇒SwimmyテーブルではNG、仕様書ではOKに見える。プルダウンの修正要？
